id,first_name,last_name,email,gender,phone
1,Romeo,Duerdin,rduerdin0@reddit.com,Male,6638243591
2,Wood,Cleobury,wcleobury1@taobao.com,Male,1272716107
3,Fidelity,Barnbrook,fbarnbrook2@rediff.com,Female,2045241026
4,Cal,Ducker,cducker3@utexas.edu,Female,8292559046
5,Sutton,Ozanne,sozanne4@pinterest.com,Male,1073859525
6,Barbi,Kirckman,bkirckman5@hhs.gov,Female,8059986290
7,Paige,Raubheim,praubheim6@paypal.com,Male,8239074412
8,Rafaela,Hollingshead,rhollingshead7@instagram.com,Female,8095276731
9,Chan,Bardey,cbardey8@dropbox.com,Male,9203674442
10,Mateo,Rome,mrome9@bloglines.com,Male,3356229336
11,Khalil,Vedmore,kvedmorea@tripod.com,Male,2344219658
12,Angele,Tole,atoleb@ovh.net,Female,6416300240
13,Taylor,Streatfeild,tstreatfeildc@ucsd.edu,Male,7328487463
14,Trever,Kewzick,tkewzickd@boston.com,Male,9661935998
15,Kippie,Medway,kmedwaye@amazon.de,Female,5216662035
16,Walther,Cadwaladr,wcadwaladrf@rediff.com,Male,1745611922
17,Mack,Koschke,mkoschkeg@drupal.org,Male,4338087978
18,Barton,Karpeev,bkarpeevh@chron.com,Male,9922640824
19,Donal,Kleinstub,dkleinstubi@bloglines.com,Male,3527112257
20,Ozzy,Eberlein,oeberleinj@army.mil,Male,8072727821
21,Koral,Epps,keppsk@e-recht24.de,Female,1328456021
22,Flora,Sigg,fsiggl@prweb.com,Female,9146935989
23,Danna,Stroder,dstroderm@behance.net,Female,2361593060
24,Philippine,Roseby,prosebyn@bbb.org,Female,3932464752
25,Alleyn,Cahan,acahano@admin.ch,Male,4473920998
26,Freemon,Hartzenberg,fhartzenbergp@trellian.com,Male,3325119487
27,Jake,Kesteven,jkestevenq@theglobeandmail.com,Male,7612033830
28,Adler,Beardsell,abeardsellr@discovery.com,Male,2527761320
29,Jewelle,Milmo,jmilmos@slideshare.net,Female,6173603084
30,Sher,Picot,spicott@patch.com,Female,7854023265
31,Ophelia,Furley,ofurleyu@ucoz.ru,Female,7877155510
32,Jada,Tebbit,jtebbitv@dailymotion.com,Female,2772333962
33,Emalia,Gudahy,egudahyw@si.edu,Female,8084542046
34,Felike,Llewellin,fllewellinx@woothemes.com,Male,5041949681
35,Gilligan,Playfoot,gplayfooty@dropbox.com,Female,1971775554
36,Bay,Rawll,brawllz@meetup.com,Male,6282465197
37,Guinna,Dyne,gdyne10@umn.edu,Female,8669756920
38,Fernande,Plevin,fplevin11@nps.gov,Female,1763208757
39,Percival,Benoiton,pbenoiton12@apache.org,Male,7217176634
40,Ferdy,Priscott,fpriscott13@devhub.com,Male,7019322733
41,Carter,Cleator,ccleator14@theguardian.com,Male,8595136057
42,Mignon,Gallier,mgallier15@dion.ne.jp,Female,6485523501
43,Pren,Toll,ptoll16@twitter.com,Male,4481395840
44,Juana,Gelderd,jgelderd17@theatlantic.com,Female,6195772186
45,Hilliard,Dawidowitz,hdawidowitz18@yahoo.com,Male,2564319257
46,Datha,Bendare,dbendare19@elegantthemes.com,Female,2727383539
47,Goraud,La Padula,glapadula1a@webeden.co.uk,Male,5601892476
48,Krishnah,Gladwell,kgladwell1b@harvard.edu,Male,7117649899
49,Ruprecht,Larsen,rlarsen1c@europa.eu,Male,4732443896
50,Paulo,Garmston,pgarmston1d@quantcast.com,Male,8775006226
51,Mitch,Everson,meverson1e@who.int,Male,5327658584
52,Shari,Rickert,srickert1f@boston.com,Female,3913385665
53,Agace,Musk,amusk1g@elegantthemes.com,Female,3872038043
54,Desmond,Priestley,dpriestley1h@cbc.ca,Male,6415549182
55,Jerome,Hollidge,jhollidge1i@ucsd.edu,Male,7947674141
56,Thain,Rustan,trustan1j@sfgate.com,Male,3141351248
57,Chrissy,Hovington,chovington1k@fda.gov,Male,1423117869
58,Bria,Filippone,bfilippone1l@dailymotion.com,Female,4845589839
59,Dud,Hallet,dhallet1m@tuttocitta.it,Male,8548636800
60,Rod,Petriello,rpetriello1n@businessinsider.com,Male,8751583090
61,Horst,Dumbleton,hdumbleton1o@parallels.com,Male,9516241565
62,Dixie,Dransfield,ddransfield1p@comsenz.com,Female,8943039435
63,Arch,Byatt,abyatt1q@t.co,Male,1194824524
64,Kerwin,Pirri,kpirri1r@foxnews.com,Male,1434903963
65,Agneta,Robeson,arobeson1s@state.gov,Female,9308271009
66,Megen,Bimrose,mbimrose1t@bigcartel.com,Female,6204250885
67,Reade,Franschini,rfranschini1u@360.cn,Male,9175982782
68,Michele,Ruffy,mruffy1v@wisc.edu,Male,1124472264
69,August,Storie,astorie1w@psu.edu,Male,1244066789
70,Maria,Beynon,mbeynon1x@nps.gov,Female,6855044899
71,Fabiano,Douce,fdouce1y@mac.com,Male,4381943681
72,Kinsley,O'Mailey,komailey1z@blinklist.com,Male,9649791146
73,Etta,Stoney,estoney20@java.com,Female,2965175289
74,Anselma,Doxsey,adoxsey21@list-manage.com,Female,4169247439
75,Mimi,Broxap,mbroxap22@myspace.com,Female,5945144601
76,Loy,Detheridge,ldetheridge23@aboutads.info,Male,9372675806
77,Yoshi,Scard,yscard24@sciencedaily.com,Female,1634409803
78,Heloise,Sayre,hsayre25@ebay.co.uk,Female,9573720451
79,Brade,Meneyer,bmeneyer26@mac.com,Male,5407612695
80,Shaw,Heisham,sheisham27@linkedin.com,Male,9029174331
81,Hunfredo,Domenico,hdomenico28@uol.com.br,Male,7019441201
82,Kara-lynn,Kits,kkits29@canalblog.com,Female,1601730895
83,Priscella,Wooldridge,pwooldridge2a@indiatimes.com,Female,4347771264
84,Collin,Dugan,cdugan2b@dion.ne.jp,Male,7317529799
85,Jerri,Baff,jbaff2c@angelfire.com,Male,3886752007
86,Augustine,Brightey,abrightey2d@virginia.edu,Female,2195153564
87,Hyman,Byrkmyr,hbyrkmyr2e@altervista.org,Male,7131734594
88,Raimondo,Do Rosario,rdorosario2f@springer.com,Male,7106634003
89,Nil,Asman,nasman2g@netlog.com,Male,6097392453
90,Balduin,Veazey,bveazey2h@webeden.co.uk,Male,8745076678
91,Kesley,Hammill,khammill2i@sourceforge.net,Female,7264537608
92,Kelcy,Cronchey,kcronchey2j@usa.gov,Female,4251500955
93,Roselin,Pampling,rpampling2k@va.gov,Female,1679314880
94,Syd,Copcutt,scopcutt2l@cargocollective.com,Male,8137867147
95,Kit,Oene,koene2m@acquirethisname.com,Male,7082016458
96,Farah,Lenton,flenton2n@yahoo.co.jp,Female,7196709055
97,Abner,Samart,asamart2o@gravatar.com,Male,9292092755
98,Joly,Kopps,jkopps2p@arstechnica.com,Female,9666050857
99,Colman,Gerge,cgerge2q@qq.com,Male,4064554352
100,Zeb,Risbridger,zrisbridger2r@utexas.edu,Male,4786307205
